bundle_id,bundle_start,clean_10,clean_120,clean_1800,clean_30,clean_300,clean_5,clean_60,clean_600,decision_time,tweet_count,tweet_ids
bundle-0001,2026-05-19T16:06:55Z,True,True,False,True,True,True,True,True,2026-05-19T16:06:55Z,1,2056768573100433501
bundle-0002,2026-05-19T16:26:47Z,True,False,False,True,False,True,True,False,2026-05-19T16:27:49Z,3,"2056773571083432161,2056773669645390201,2056773833932050908"
bundle-0003,2026-05-19T16:29:41Z,True,False,False,True,False,True,True,False,2026-05-19T16:29:41Z,1,2056774304193212606
bundle-0004,2026-05-19T16:30:52Z,True,True,True,True,True,True,True,True,2026-05-19T16:30:52Z,1,2056774600252399621
bundle-0005,2026-05-19T19:24:43Z,True,False,False,True,False,True,True,False,2026-05-19T19:25:11Z,2,"2056818351939502432,2056818469195407458"
bundle-0006,2026-05-19T19:26:15Z,True,True,False,True,True,True,True,False,2026-05-19T19:26:53Z,3,"2056818738075467880,2056818846192005307,2056818896125243434"
bundle-0007,2026-05-19T19:35:23Z,True,True,False,True,True,True,True,False,2026-05-19T19:35:23Z,1,2056821037506109658
bundle-0008,2026-05-19T19:44:41Z,True,False,False,True,False,True,True,False,2026-05-19T19:44:41Z,1,2056823376652718380
bundle-0009,2026-05-19T19:45:44Z,True,True,True,True,True,True,True,True,2026-05-19T19:45:44Z,1,2056823638758948982
bundle-0010,2026-05-20T03:58:10Z,True,True,True,True,True,True,True,True,2026-05-20T03:58:10Z,1,2056947567548862739
bundle-0011,2026-05-20T05:07:39Z,True,False,False,True,False,True,True,False,2026-05-20T05:07:39Z,1,2056965051173732826
bundle-0012,2026-05-20T05:09:34Z,True,True,False,True,True,True,True,True,2026-05-20T05:09:34Z,1,2056965533363540118
bundle-0013,2026-05-20T05:20:01Z,True,True,False,True,True,True,True,False,2026-05-20T05:20:01Z,1,2056968161749266678
bundle-0014,2026-05-20T05:25:25Z,True,True,False,True,False,True,True,False,2026-05-20T05:26:19Z,2,"2056969520758267926,2056969748580339887"
bundle-0015,2026-05-20T05:28:43Z,True,True,False,True,True,True,True,False,2026-05-20T05:28:43Z,1,2056970352446914593
bundle-0016,2026-05-20T05:36:03Z,True,True,True,True,True,True,True,True,2026-05-20T05:36:03Z,1,2056972197621874822
bundle-0017,2026-05-20T06:06:28Z,True,True,False,True,False,True,True,False,2026-05-20T06:06:28Z,1,2056979851542954109
bundle-0018,2026-05-20T06:09:08Z,True,False,False,True,False,True,True,False,2026-05-20T06:09:08Z,1,2056980522535199159
bundle-0019,2026-05-20T06:10:12Z,True,True,False,True,True,True,True,True,2026-05-20T06:10:12Z,1,2056980792488984671
bundle-0020,2026-05-20T06:35:11Z,True,True,True,True,True,True,True,True,2026-05-20T06:35:50Z,2,"2056987079486410936,2056987243475280044"
bundle-0021,2026-05-20T13:57:17Z,True,True,False,True,True,True,True,False,2026-05-20T13:57:17Z,1,2057098340081471844
bundle-0022,2026-05-20T14:02:27Z,True,False,False,True,False,True,True,False,2026-05-20T14:02:27Z,1,2057099637165785543
bundle-0023,2026-05-20T14:04:04Z,True,True,False,True,True,True,True,True,2026-05-20T14:04:49Z,2,"2057100043581337889,2057100234795491806"
bundle-0024,2026-05-20T14:22:14Z,True,True,False,True,False,True,True,False,2026-05-20T14:22:14Z,1,2057104618774249506
bundle-0025,2026-05-20T14:26:28Z,True,False,False,True,False,True,True,False,2026-05-20T14:27:25Z,2,"2057105681707409412,2057105921910907104"
bundle-0026,2026-05-20T14:28:29Z,True,True,True,True,True,True,True,True,2026-05-20T14:28:29Z,1,2057106187938853180
bundle-0027,2026-05-20T16:11:22Z,True,True,False,True,False,True,True,False,2026-05-20T16:11:57Z,2,"2057132082116391105,2057132226664657171"
bundle-0028,2026-05-20T16:16:28Z,True,True,True,True,True,True,True,True,2026-05-20T16:16:28Z,1,2057133365145608511
bundle-0029,2026-05-20T19:01:31Z,True,True,False,True,True,True,True,False,2026-05-20T19:01:31Z,1,2057174901858189351
bundle-0030,2026-05-20T19:07:11Z,True,True,False,True,True,True,True,True,2026-05-20T19:07:11Z,1,2057176329024582114
bundle-0031,2026-05-20T19:21:29Z,True,True,False,True,False,True,True,False,2026-05-20T19:22:23Z,3,"2057179925371842767,2057180029457772938,2057180153558835572"
bundle-0032,2026-05-20T19:24:31Z,True,True,False,True,False,True,True,False,2026-05-20T19:24:31Z,1,2057180687158120917
bundle-0033,2026-05-20T19:26:35Z,True,False,False,True,False,True,True,False,2026-05-20T19:26:35Z,1,2057181208187191537
bundle-0034,2026-05-20T19:27:55Z,True,False,False,True,False,True,True,False,2026-05-20T19:27:55Z,1,2057181544515826136
bundle-0035,2026-05-20T19:29:39Z,True,True,True,True,True,True,True,True,2026-05-20T19:30:03Z,2,"2057181978911449251,2057182081160196590"
bundle-0036,2026-05-20T22:35:20Z,True,True,True,True,True,True,True,True,2026-05-20T22:35:20Z,1,2057228707606196434
bundle-0037,2026-05-20T23:22:23Z,True,True,False,True,True,True,True,True,2026-05-20T23:22:23Z,1,2057240550273888565
bundle-0038,2026-05-20T23:40:35Z,True,True,False,True,False,True,True,False,2026-05-20T23:40:35Z,1,2057245131775131744
bundle-0039,2026-05-20T23:43:47Z,True,True,False,True,True,True,True,True,2026-05-20T23:45:08Z,3,"2057245937446338675,2057246111845458038,2057246277390463134"
bundle-0040,2026-05-21T00:11:54Z,True,True,False,True,True,True,True,False,2026-05-21T00:11:54Z,1,2057253012213792833
bundle-0041,2026-05-21T00:18:18Z,True,True,False,True,True,True,True,False,2026-05-21T00:19:07Z,2,"2057254622113517793,2057254826107617287"
bundle-0042,2026-05-21T00:24:31Z,True,True,False,True,False,True,True,False,2026-05-21T00:24:31Z,1,2057256185359909159
bundle-0043,2026-05-21T00:28:53Z,True,True,False,True,True,True,True,False,2026-05-21T00:29:53Z,2,"2057257287056810088,2057257536215187751"
bundle-0044,2026-05-21T00:37:13Z,True,False,False,True,False,True,True,False,2026-05-21T00:38:04Z,2,"2057259381323092264,2057259596809679028"
bundle-0045,2026-05-21T00:39:56Z,True,True,False,True,False,True,True,False,2026-05-21T00:39:56Z,1,2057260067049845195
bundle-0046,2026-05-21T00:44:23Z,True,False,False,True,False,True,True,False,2026-05-21T00:44:23Z,1,2057261185314205746
bundle-0047,2026-05-21T00:45:35Z,True,False,False,True,False,True,True,False,2026-05-21T00:45:35Z,1,2057261488256303134
bundle-0048,2026-05-21T00:47:19Z,True,True,False,True,False,True,True,False,2026-05-21T00:47:19Z,1,2057261925244039437
bundle-0049,2026-05-21T00:51:42Z,True,True,True,True,True,True,True,True,2026-05-21T00:51:42Z,1,2057263027326717970
bundle-0050,2026-05-21T01:31:14Z,True,True,True,True,True,True,True,True,2026-05-21T01:31:14Z,1,2057272975242748372
bundle-0051,2026-05-21T02:06:04Z,True,True,False,True,True,True,True,True,2026-05-21T02:06:58Z,2,"2057281743854751829,2057281968342241459"
bundle-0052,2026-05-21T02:22:03Z,True,True,False,True,False,True,True,False,2026-05-21T02:22:03Z,1,2057285765831458979
bundle-0053,2026-05-21T02:24:48Z,True,True,True,True,True,True,True,True,2026-05-21T02:24:48Z,1,2057286455165379019
bundle-0054,2026-05-21T03:26:12Z,True,False,False,True,False,True,True,False,2026-05-21T03:26:12Z,1,2057301908516376838
bundle-0055,2026-05-21T03:27:39Z,True,True,False,True,True,True,True,False,2026-05-21T03:27:39Z,1,2057302274553291177
bundle-0056,2026-05-21T03:36:55Z,True,True,False,True,True,True,True,False,2026-05-21T03:36:55Z,1,2057304607479755151
bundle-0057,2026-05-21T03:42:33Z,True,True,False,True,False,True,True,False,2026-05-21T03:42:33Z,1,2057306021203497034
bundle-0058,2026-05-21T03:47:21Z,True,True,False,True,False,True,True,False,2026-05-21T03:47:21Z,1,2057307232296214944
bundle-0059,2026-05-21T03:51:33Z,True,True,True,True,True,True,True,True,2026-05-21T03:51:33Z,1,2057308288841376065
bundle-0060,2026-05-21T04:55:20Z,True,True,False,True,True,True,True,True,2026-05-21T04:55:45Z,2,"2057324341101207836,2057324443731669463"
bundle-0061,2026-05-21T05:08:05Z,True,True,False,True,True,True,True,False,2026-05-21T05:08:05Z,1,2057327547411570907
bundle-0062,2026-05-21T05:13:48Z,True,True,False,True,True,True,True,True,2026-05-21T05:13:48Z,1,2057328985869017385
bundle-0063,2026-05-21T05:28:55Z,True,True,False,True,True,True,True,True,2026-05-21T05:28:55Z,1,2057332790903849198
bundle-0064,2026-05-21T05:49:20Z,True,True,True,True,True,True,True,True,2026-05-21T05:49:20Z,1,2057337929589039126
bundle-0065,2026-05-21T06:22:44Z,True,False,False,True,False,True,True,False,2026-05-21T06:22:44Z,1,2057346334705742177
bundle-0066,2026-05-21T06:23:58Z,True,False,False,True,False,True,True,False,2026-05-21T06:23:58Z,1,2057346643398128079
bundle-0067,2026-05-21T06:25:31Z,True,False,False,True,False,True,True,False,2026-05-21T06:25:31Z,1,2057347035615944733
bundle-0068,2026-05-21T06:26:40Z,True,True,False,True,False,True,True,False,2026-05-21T06:26:40Z,1,2057347325467435279
bundle-0069,2026-05-21T06:29:04Z,True,True,False,True,True,True,True,True,2026-05-21T06:29:04Z,1,2057347929380167791
bundle-0070,2026-05-21T06:49:47Z,True,True,False,True,True,True,True,False,2026-05-21T06:49:47Z,1,2057353141683683380
bundle-0071,2026-05-21T06:56:12Z,True,True,False,True,True,True,True,False,2026-05-21T06:56:12Z,1,2057354756562038826
bundle-0072,2026-05-21T07:02:32Z,True,False,False,True,False,True,True,False,2026-05-21T07:02:32Z,1,2057356349768348048
bundle-0073,2026-05-21T07:04:18Z,True,True,False,True,True,True,True,True,2026-05-21T07:04:18Z,1,2057356795262210291
bundle-0074,2026-05-21T07:24:54Z,True,True,True,True,True,True,True,True,2026-05-21T07:24:54Z,1,2057361980780871960
bundle-0075,2026-05-21T08:14:17Z,True,True,True,True,True,True,True,True,2026-05-21T08:14:17Z,1,2057374408918945882
bundle-0076,2026-05-21T14:07:06Z,True,False,False,True,False,True,True,False,2026-05-21T14:07:06Z,1,2057463197964042742
bundle-0077,2026-05-21T14:08:13Z,True,False,False,True,False,True,True,False,2026-05-21T14:08:13Z,1,2057463477275385888
bundle-0078,2026-05-21T14:09:39Z,True,True,False,True,False,True,True,False,2026-05-21T14:09:39Z,1,2057463836370731390
bundle-0079,2026-05-21T14:13:32Z,True,False,False,True,False,True,True,False,2026-05-21T14:13:32Z,1,2057464814637633609
bundle-0080,2026-05-21T14:14:55Z,True,True,False,True,False,True,True,False,2026-05-21T14:14:55Z,1,2057465162664185982
bundle-0081,2026-05-21T14:17:05Z,True,False,False,True,False,True,True,False,2026-05-21T14:18:24Z,3,"2057465709756620820,2057465903936127061,2057466041496723958"
bundle-0082,2026-05-21T14:19:44Z,True,True,False,True,True,True,True,False,2026-05-21T14:20:04Z,2,"2057466373807169548,2057466461359075361"
bundle-0083,2026-05-21T14:27:03Z,True,False,False,True,False,True,True,False,2026-05-21T14:27:03Z,1,2057468216302096430
bundle-0084,2026-05-21T14:28:46Z,True,True,False,True,False,True,True,False,2026-05-21T14:28:46Z,1,2057468647182921996
bundle-0085,2026-05-21T14:31:50Z,True,True,False,True,False,True,True,False,2026-05-21T14:31:50Z,1,2057469422298669214
bundle-0086,2026-05-21T14:34:36Z,True,False,False,True,False,True,True,False,2026-05-21T14:34:36Z,1,2057470115390586942
bundle-0087,2026-05-21T14:36:03Z,True,True,False,True,False,True,True,False,2026-05-21T14:36:03Z,1,2057470480299278606
bundle-0088,2026-05-21T14:38:23Z,True,True,True,True,True,True,True,True,2026-05-21T14:38:23Z,1,2057471070643290604
bundle-0089,2026-05-21T16:38:24Z,True,True,False,True,True,True,True,False,2026-05-21T16:38:24Z,1,2057501273151217771
bundle-0090,2026-05-21T16:43:32Z,True,True,True,True,True,True,True,True,2026-05-21T16:43:32Z,1,2057502564627681295
bundle-0091,2026-05-21T21:16:23Z,True,True,False,True,True,True,True,False,2026-05-21T21:16:23Z,1,2057571230589366643
bundle-0092,2026-05-21T21:23:20Z,True,True,True,True,True,True,True,True,2026-05-21T21:23:20Z,1,2057572977483346017
bundle-0093,2026-05-21T22:17:18Z,True,True,False,True,True,True,True,False,2026-05-21T22:17:18Z,1,2057586557385678967
bundle-0094,2026-05-21T22:22:38Z,True,True,False,True,False,True,True,False,2026-05-21T22:22:38Z,1,2057587901702050310
bundle-0095,2026-05-21T22:25:36Z,True,True,False,True,True,True,True,True,2026-05-21T22:25:36Z,1,2057588646857850916
bundle-0096,2026-05-21T22:49:34Z,True,True,True,True,True,True,True,True,2026-05-21T22:49:34Z,1,2057594680284430428
bundle-0097,2026-05-21T23:49:11Z,True,False,False,True,False,True,True,False,2026-05-21T23:49:11Z,1,2057609682865254695
bundle-0098,2026-05-21T23:50:24Z,True,True,False,True,False,True,True,False,2026-05-21T23:50:24Z,1,2057609987875123578
bundle-0099,2026-05-21T23:52:30Z,True,True,False,True,False,True,True,False,2026-05-21T23:52:30Z,1,2057610517556986199
bundle-0100,2026-05-21T23:57:06Z,True,True,False,True,False,True,True,False,2026-05-21T23:57:06Z,1,2057611672747933996
bundle-0101,2026-05-22T00:01:23Z,True,True,True,True,True,True,True,True,2026-05-22T00:01:23Z,1,2057612753276125521
bundle-0102,2026-05-22T00:50:19Z,True,False,False,True,False,True,True,False,2026-05-22T00:50:19Z,1,2057625067081621643
bundle-0103,2026-05-22T00:51:28Z,True,True,False,True,False,True,True,False,2026-05-22T00:51:28Z,1,2057625354592792807
bundle-0104,2026-05-22T00:53:29Z,True,True,True,True,True,True,True,True,2026-05-22T00:53:29Z,1,2057625863038894318
bundle-0105,2026-05-22T06:38:44Z,True,True,False,True,False,True,True,False,2026-05-22T06:38:44Z,1,2057712748830597536
bundle-0106,2026-05-22T06:42:50Z,True,True,True,True,True,True,True,True,2026-05-22T06:42:50Z,1,2057713779542999213
bundle-0107,2026-05-22T07:22:46Z,True,True,False,True,False,True,True,False,2026-05-22T07:22:46Z,1,2057723829095391305
bundle-0108,2026-05-22T07:25:39Z,True,True,False,True,True,True,True,False,2026-05-22T07:25:39Z,1,2057724557964775728
bundle-0109,2026-05-22T07:31:16Z,True,False,False,True,False,True,True,False,2026-05-22T07:33:55Z,5,"2057725968794443891,2057726137623515496,2057726307346039282,2057726471490208071,2057726635219022076"
bundle-0110,2026-05-22T07:35:02Z,True,False,False,True,False,True,True,False,2026-05-22T07:35:02Z,1,2057726919538286743
bundle-0111,2026-05-22T07:36:09Z,True,True,False,True,False,True,True,False,2026-05-22T07:36:09Z,1,2057727199784976514
bundle-0112,2026-05-22T07:38:59Z,True,False,False,True,False,True,True,False,2026-05-22T07:38:59Z,1,2057727911914844378
bundle-0113,2026-05-22T07:40:38Z,True,True,False,True,False,True,True,False,2026-05-22T07:40:38Z,1,2057728324743451096
bundle-0114,2026-05-22T07:42:56Z,True,True,False,True,True,True,True,False,2026-05-22T07:42:56Z,1,2057728905704816870
bundle-0115,2026-05-22T07:48:08Z,True,True,False,True,False,True,True,False,2026-05-22T07:48:37Z,2,"2057730212431859772,2057730335413063917"
bundle-0116,2026-05-22T07:52:37Z,True,True,False,True,True,True,True,False,2026-05-22T07:52:37Z,1,2057731340733194289
bundle-0117,2026-05-22T08:01:42Z,True,True,False,True,False,True,True,False,2026-05-22T08:01:42Z,1,2057733628344365146
bundle-0118,2026-05-22T08:05:43Z,True,True,False,True,True,True,True,False,2026-05-22T08:06:29Z,2,"2057734638399873261,2057734833019732475"
bundle-0119,2026-05-22T08:15:42Z,True,True,False,True,True,True,True,False,2026-05-22T08:15:42Z,1,2057737150800560583
bundle-0120,2026-05-22T08:22:57Z,True,True,False,True,True,True,True,False,2026-05-22T08:22:57Z,1,2057738976799166922
bundle-0121,2026-05-22T08:31:32Z,True,True,False,True,True,True,True,True,2026-05-22T08:32:12Z,2,"2057741134609166390,2057741302649716756"
bundle-0122,2026-05-22T08:46:43Z,True,True,False,True,True,True,True,False,2026-05-22T08:46:43Z,1,2057744955888505258
bundle-0123,2026-05-22T08:53:59Z,True,True,False,True,False,True,True,False,2026-05-22T08:53:59Z,1,2057746783992737975
bundle-0124,2026-05-22T08:58:13Z,True,False,False,True,False,True,True,False,2026-05-22T08:58:37Z,2,"2057747852521099621,2057747951976436006"
bundle-0125,2026-05-22T09:00:18Z,True,True,False,True,False,True,True,False,2026-05-22T09:00:18Z,1,2057748377610166576
bundle-0126,2026-05-22T09:03:50Z,True,True,True,True,True,True,True,True,2026-05-22T09:03:50Z,1,2057749265615609905
bundle-0127,2026-05-22T09:37:36Z,True,True,False,True,False,True,True,False,2026-05-22T09:37:36Z,1,2057757762277257405
bundle-0128,2026-05-22T09:42:26Z,True,True,False,True,True,True,True,True,2026-05-22T09:42:26Z,1,2057758978021429333
bundle-0129,2026-05-22T10:05:54Z,True,True,False,True,True,True,True,True,2026-05-22T10:05:54Z,1,2057764883773407535
bundle-0130,2026-05-22T10:17:29Z,True,True,False,True,False,True,True,False,2026-05-22T10:17:29Z,1,2057767797971653012
bundle-0131,2026-05-22T10:21:09Z,True,True,True,True,True,True,True,True,2026-05-22T10:21:09Z,1,2057768722517864789
bundle-0132,2026-05-22T12:47:32Z,True,True,False,True,False,True,True,False,2026-05-22T12:47:32Z,1,2057805561698066609
bundle-0133,2026-05-22T12:50:46Z,True,True,False,True,False,True,True,False,2026-05-22T12:50:46Z,1,2057806372935254370
bundle-0134,2026-05-22T12:53:57Z,True,True,False,True,True,True,True,False,2026-05-22T12:53:57Z,1,2057807177012613561
bundle-0135,2026-05-22T12:59:47Z,True,False,False,True,False,True,True,False,2026-05-22T12:59:47Z,1,2057808643957911909
bundle-0136,2026-05-22T13:01:07Z,True,True,False,True,False,True,True,False,2026-05-22T13:01:07Z,1,2057808978122313913
bundle-0137,2026-05-22T13:03:41Z,True,False,False,True,False,True,True,False,2026-05-22T13:03:41Z,1,2057809626632999343
bundle-0138,2026-05-22T13:05:00Z,True,True,False,True,False,True,True,False,2026-05-22T13:05:19Z,2,"2057809958045925735,2057810037884477447"
bundle-0139,2026-05-22T13:08:57Z,True,True,False,True,False,True,True,False,2026-05-22T13:08:57Z,1,2057810949310915002
bundle-0140,2026-05-22T13:11:30Z,True,True,False,True,False,True,True,False,2026-05-22T13:11:30Z,1,2057811593778327671
bundle-0141,2026-05-22T13:15:27Z,True,True,False,True,True,True,True,True,2026-05-22T13:15:27Z,1,2057812587396350455
bundle-0142,2026-05-22T13:31:26Z,True,True,False,True,True,True,True,True,2026-05-22T13:31:26Z,1,2057816608383402371
bundle-0143,2026-05-22T13:44:33Z,True,True,True,True,True,True,True,True,2026-05-22T13:44:33Z,1,2057819911204770162
bundle-0144,2026-05-22T15:02:19Z,True,False,False,True,False,True,True,False,2026-05-22T15:02:19Z,1,2057839480350834878
bundle-0145,2026-05-22T15:03:40Z,True,True,False,True,True,True,True,True,2026-05-22T15:03:40Z,1,2057839818877309139
bundle-0146,2026-05-22T15:15:13Z,True,True,True,True,True,True,True,True,2026-05-22T15:15:13Z,1,2057842724649209878
bundle-0147,2026-05-22T20:10:12Z,True,False,False,True,False,True,True,False,2026-05-22T20:10:12Z,1,2057916962848624793
bundle-0148,2026-05-22T20:11:33Z,True,True,False,True,False,True,True,False,2026-05-22T20:11:33Z,1,2057917302805315786
bundle-0149,2026-05-22T20:14:11Z,True,True,False,True,True,True,True,True,2026-05-22T20:14:11Z,1,2057917962703589728
bundle-0150,2026-05-22T20:27:10Z,True,True,False,True,False,True,True,False,2026-05-22T20:27:39Z,2,"2057921232482226516,2057921353756348636"
bundle-0151,2026-05-22T20:30:23Z,True,True,False,True,True,True,True,True,2026-05-22T20:30:23Z,1,2057922040561094750
bundle-0152,2026-05-22T20:52:02Z,True,True,False,True,True,True,True,True,2026-05-22T20:52:02Z,1,2057927486998978691
bundle-0153,2026-05-22T21:04:55Z,True,False,False,True,False,True,True,False,2026-05-22T21:04:55Z,1,2057930731737743690
bundle-0154,2026-05-22T21:06:54Z,True,True,False,True,False,True,True,False,2026-05-22T21:06:54Z,1,2057931231719731232
bundle-0155,2026-05-22T21:10:52Z,True,True,False,True,False,True,True,False,2026-05-22T21:10:52Z,1,2057932227065913359
bundle-0156,2026-05-22T21:15:43Z,True,True,False,True,True,True,True,True,2026-05-22T21:15:43Z,1,2057933447541219630
bundle-0157,2026-05-22T21:32:33Z,True,True,False,True,True,True,True,False,2026-05-22T21:32:33Z,1,2057937686904586551
bundle-0158,2026-05-22T21:37:58Z,True,True,True,True,True,True,True,True,2026-05-22T21:38:21Z,2,"2057939049701097489,2057939146023305296"
bundle-0159,2026-05-22T22:24:20Z,True,False,False,True,False,True,True,False,2026-05-22T22:24:20Z,1,2057950715272675398
bundle-0160,2026-05-22T22:26:19Z,True,False,False,True,False,True,True,False,2026-05-22T22:26:19Z,1,2057951216705945976
bundle-0161,2026-05-22T22:28:00Z,True,True,True,True,True,True,True,True,2026-05-22T22:28:00Z,1,2057951640674529432
bundle-0162,2026-05-22T23:57:00Z,True,True,False,True,False,True,True,False,2026-05-22T23:57:00Z,1,2057974036261409278
bundle-0163,2026-05-23T00:00:09Z,True,True,True,True,True,True,True,True,2026-05-23T00:00:35Z,2,"2057974830469677092,2057974937923490301"
bundle-0164,2026-05-23T02:37:15Z,True,True,False,True,True,True,True,True,2026-05-23T02:37:15Z,1,2058014367652696484
bundle-0165,2026-05-23T02:48:48Z,True,True,False,True,True,True,True,False,2026-05-23T02:48:48Z,1,2058017273202290881
bundle-0166,2026-05-23T02:56:58Z,True,False,False,True,False,True,True,False,2026-05-23T02:56:58Z,1,2058019329161973925
bundle-0167,2026-05-23T02:58:28Z,True,True,False,True,True,True,True,False,2026-05-23T02:58:28Z,1,2058019707144257641
bundle-0168,2026-05-23T03:04:42Z,True,True,False,True,False,True,True,False,2026-05-23T03:04:42Z,1,2058021274056614304
bundle-0169,2026-05-23T03:07:32Z,True,True,False,True,True,True,True,True,2026-05-23T03:07:32Z,1,2058021986295501254
bundle-0170,2026-05-23T03:21:37Z,True,False,False,True,False,True,True,False,2026-05-23T03:21:37Z,1,2058025532894187868
bundle-0171,2026-05-23T03:23:12Z,True,True,True,True,True,True,True,True,2026-05-23T03:23:12Z,1,2058025927989190976
bundle-0172,2026-05-23T04:01:48Z,True,True,False,True,True,True,True,True,2026-05-23T04:01:48Z,1,2058035645369491558
bundle-0173,2026-05-23T04:18:42Z,True,True,True,True,True,True,True,True,2026-05-23T04:18:42Z,1,2058039896279745004
bundle-0174,2026-05-23T16:16:45Z,True,True,False,True,True,True,True,False,2026-05-23T16:16:45Z,1,2058220599583920153
bundle-0175,2026-05-23T16:21:54Z,True,False,False,True,False,True,True,False,2026-05-23T16:21:54Z,1,2058221895053377880
bundle-0176,2026-05-23T16:23:36Z,True,False,False,True,False,True,True,False,2026-05-23T16:23:36Z,1,2058222322176098337
bundle-0177,2026-05-23T16:24:56Z,True,True,True,True,True,True,True,True,2026-05-23T16:24:56Z,1,2058222660006384095
bundle-0178,2026-05-23T18:20:52Z,True,False,False,True,False,True,True,False,2026-05-23T18:20:52Z,1,2058251833508856128
bundle-0179,2026-05-23T18:21:54Z,True,False,False,True,False,True,True,False,2026-05-23T18:21:54Z,1,2058252096252596285
bundle-0180,2026-05-23T18:23:27Z,True,True,False,True,False,True,True,False,2026-05-23T18:24:24Z,3,"2058252485823750516,2058252654287990955,2058252724471267740"
bundle-0181,2026-05-23T18:28:55Z,True,True,True,True,True,True,True,True,2026-05-23T18:28:55Z,1,2058253861375430692
bundle-0182,2026-05-23T21:48:22Z,True,True,True,True,True,True,True,True,2026-05-23T21:48:22Z,1,2058304052711063882
bundle-0183,2026-05-24T00:09:35Z,True,True,False,True,False,True,True,False,2026-05-24T00:09:35Z,1,2058339591522832526
bundle-0184,2026-05-24T00:13:37Z,True,True,False,True,False,True,True,False,2026-05-24T00:13:37Z,1,2058340605684576694
bundle-0185,2026-05-24T00:16:46Z,True,True,False,True,True,True,True,True,2026-05-24T00:16:46Z,1,2058341400039530636
bundle-0186,2026-05-24T00:30:31Z,True,True,False,True,True,True,True,True,2026-05-24T00:31:10Z,2,"2058344861896478807,2058345024513880173"
bundle-0187,2026-05-24T00:44:19Z,True,False,False,True,False,True,True,False,2026-05-24T00:44:19Z,1,2058348332360097947
bundle-0188,2026-05-24T00:45:32Z,True,True,False,True,True,True,True,True,2026-05-24T00:45:32Z,1,2058348640238780431
bundle-0189,2026-05-24T01:12:47Z,True,True,False,True,True,True,True,True,2026-05-24T01:13:03Z,2,"2058355495518253203,2058355565902852325"
bundle-0190,2026-05-24T01:38:15Z,True,True,False,True,False,True,True,False,2026-05-24T01:38:15Z,1,2058361903966048330
bundle-0191,2026-05-24T01:40:56Z,True,True,True,True,True,True,True,True,2026-05-24T01:40:56Z,1,2058362581769711961
bundle-0192,2026-05-24T02:55:14Z,True,True,False,True,True,True,True,False,2026-05-24T02:55:14Z,1,2058381280182497503
bundle-0193,2026-05-24T03:01:02Z,True,True,False,True,False,True,True,False,2026-05-24T03:01:02Z,1,2058382739510825301
bundle-0194,2026-05-24T03:04:26Z,True,True,False,True,False,True,True,False,2026-05-24T03:04:26Z,1,2058383594888769660
bundle-0195,2026-05-24T03:08:32Z,True,False,False,True,False,True,True,False,2026-05-24T03:08:32Z,1,2058384625123090627
bundle-0196,2026-05-24T03:10:02Z,True,True,True,True,True,True,True,True,2026-05-24T03:10:02Z,1,2058385001993892062
bundle-0197,2026-05-24T06:42:32Z,True,True,False,True,True,True,True,False,2026-05-24T06:42:32Z,1,2058438480334664146
bundle-0198,2026-05-24T06:49:02Z,True,True,False,True,True,True,True,False,2026-05-24T06:49:02Z,1,2058440116637507651
bundle-0199,2026-05-24T06:57:25Z,True,True,False,True,True,True,True,False,2026-05-24T06:57:25Z,1,2058442224644354130
bundle-0200,2026-05-24T07:03:50Z,True,True,False,True,False,True,True,False,2026-05-24T07:04:16Z,2,"2058443840772600322,2058443949216243845"
bundle-0201,2026-05-24T07:06:41Z,True,True,True,True,True,True,True,True,2026-05-24T07:06:59Z,2,"2058444559466598739,2058444636096471197"
bundle-0202,2026-05-24T14:13:31Z,True,True,False,True,True,True,True,False,2026-05-24T14:13:31Z,1,2058551976791617537
bundle-0203,2026-05-24T14:23:21Z,True,True,False,True,True,True,True,False,2026-05-24T14:23:21Z,1,2058554451464442261
bundle-0204,2026-05-24T14:32:34Z,True,True,False,True,True,True,True,True,2026-05-24T14:32:34Z,1,2058556766833541290
bundle-0205,2026-05-24T14:55:54Z,True,True,False,True,False,True,True,False,2026-05-24T14:55:54Z,1,2058562642877268064
bundle-0206,2026-05-24T14:59:32Z,True,True,False,True,True,True,True,True,2026-05-24T14:59:32Z,1,2058563554161172843
bundle-0207,2026-05-24T15:13:32Z,True,True,False,True,True,True,True,True,2026-05-24T15:13:32Z,1,2058567076667687318
bundle-0208,2026-05-24T15:26:03Z,True,True,True,True,True,True,True,True,2026-05-24T15:26:03Z,1,2058570229177856308
bundle-0209,2026-05-24T17:30:48Z,True,True,False,True,True,True,True,True,2026-05-24T17:30:48Z,1,2058601623572578781
bundle-0210,2026-05-24T17:51:06Z,True,True,False,True,False,True,True,False,2026-05-24T17:51:06Z,1,2058606729428934979
bundle-0211,2026-05-24T17:54:22Z,True,True,False,True,False,True,True,False,2026-05-24T17:54:22Z,1,2058607551625785749
bundle-0212,2026-05-24T17:57:52Z,True,True,False,True,False,True,True,False,2026-05-24T17:57:52Z,1,2058608435940192258
bundle-0213,2026-05-24T18:00:09Z,True,True,False,True,False,True,True,False,2026-05-24T18:00:09Z,1,2058609007430922586
bundle-0214,2026-05-24T18:05:02Z,True,True,False,True,False,True,True,False,2026-05-24T18:05:02Z,1,2058610237603508522
bundle-0215,2026-05-24T18:08:40Z,True,True,True,True,True,True,True,True,2026-05-24T18:08:40Z,1,2058611152905462095
bundle-0216,2026-05-24T18:50:57Z,True,True,True,True,True,True,True,True,2026-05-24T18:50:57Z,1,2058621792701321671
bundle-0217,2026-05-24T19:37:11Z,True,False,False,True,False,True,True,False,2026-05-24T19:37:11Z,1,2058633428594315756
bundle-0218,2026-05-24T19:38:35Z,True,True,True,True,True,True,True,True,2026-05-24T19:38:35Z,1,2058633781569798287
bundle-0219,2026-05-24T21:05:39Z,True,True,False,True,True,True,True,True,2026-05-24T21:05:39Z,1,2058655693050159345
bundle-0220,2026-05-24T21:33:10Z,True,True,False,True,True,True,True,False,2026-05-24T21:33:10Z,1,2058662615920894141
bundle-0221,2026-05-24T21:38:27Z,True,True,False,True,True,True,True,False,2026-05-24T21:38:27Z,1,2058663945896947824
bundle-0222,2026-05-24T21:47:57Z,True,True,False,True,True,True,True,True,2026-05-24T21:47:57Z,1,2058666337837154799
bundle-0223,2026-05-24T22:04:33Z,True,True,True,True,True,True,True,True,2026-05-24T22:04:53Z,2,"2058670516110516687,2058670599900201177"
bundle-0224,2026-05-24T23:53:08Z,True,True,False,True,False,True,True,False,2026-05-24T23:53:08Z,1,2058697839702605893
bundle-0225,2026-05-24T23:55:14Z,True,False,False,True,False,True,True,False,2026-05-24T23:55:14Z,1,2058698370189766822
bundle-0226,2026-05-24T23:56:56Z,True,False,False,True,False,True,True,False,2026-05-24T23:57:10Z,2,"2058698796264014251,2058698854988439769"
bundle-0227,2026-05-24T23:58:26Z,True,True,True,True,True,True,True,True,2026-05-24T23:58:26Z,1,2058699174292369567
bundle-0228,2026-05-25T00:43:05Z,True,False,False,True,False,True,True,False,2026-05-25T00:43:05Z,1,2058710409813651756
bundle-0229,2026-05-25T00:44:10Z,True,True,False,True,False,True,True,False,2026-05-25T00:44:10Z,1,2058710684066521323
bundle-0230,2026-05-25T00:47:44Z,True,True,False,True,True,True,True,True,2026-05-25T00:47:44Z,1,2058711579529458131
bundle-0231,2026-05-25T00:59:11Z,True,True,True,True,True,True,True,True,2026-05-25T00:59:11Z,1,2058714460173353429
bundle-0232,2026-05-25T02:09:18Z,True,True,True,True,True,True,True,True,2026-05-25T02:09:18Z,1,2058732108948848957
bundle-0233,2026-05-25T03:11:57Z,True,True,False,True,False,True,True,False,2026-05-25T03:11:57Z,1,2058747872619761795
bundle-0234,2026-05-25T03:14:36Z,True,True,True,True,True,True,True,True,2026-05-25T03:14:36Z,1,2058748539128201547
bundle-0235,2026-05-25T05:36:55Z,True,True,False,True,True,True,True,True,2026-05-25T05:36:55Z,1,2058784357003780479
bundle-0236,2026-05-25T05:48:57Z,True,True,False,True,False,True,True,False,2026-05-25T05:48:57Z,1,2058787384364265734
bundle-0237,2026-05-25T05:51:01Z,True,False,False,True,False,True,True,False,2026-05-25T05:51:01Z,1,2058787905825378433
bundle-0238,2026-05-25T05:52:03Z,True,True,False,True,True,True,True,False,2026-05-25T05:53:34Z,4,"2058788162487386413,2058788221895442461,2058788468910706780,2058788547834851830"
bundle-0239,2026-05-25T05:59:25Z,True,True,False,True,True,True,True,True,2026-05-25T05:59:25Z,1,2058790017313415380
bundle-0240,2026-05-25T06:17:15Z,True,True,False,True,True,True,True,False,2026-05-25T06:17:15Z,1,2058794505508110755
bundle-0241,2026-05-25T06:23:27Z,True,True,False,True,True,True,True,False,2026-05-25T06:23:27Z,1,2058796067592736866
bundle-0242,2026-05-25T06:28:37Z,True,True,True,True,True,True,True,True,2026-05-25T06:28:37Z,1,2058797368779157800
bundle-0243,2026-05-25T14:04:19Z,True,False,False,True,False,True,True,False,2026-05-25T14:04:19Z,1,2058912046276587803
bundle-0244,2026-05-25T14:05:39Z,True,True,False,True,False,True,True,False,2026-05-25T14:05:39Z,1,2058912384756920696
bundle-0245,2026-05-25T14:08:50Z,True,True,False,True,True,True,True,False,2026-05-25T14:08:50Z,1,2058913184036065600
bundle-0246,2026-05-25T14:15:30Z,True,True,True,True,True,True,True,True,2026-05-25T14:15:30Z,1,2058914860226793475
bundle-0247,2026-05-25T20:00:26Z,True,True,False,True,False,True,True,False,2026-05-25T20:00:26Z,1,2059001669136855370
bundle-0248,2026-05-25T20:02:44Z,True,False,False,True,False,True,True,False,2026-05-25T20:02:44Z,1,2059002244305973472
bundle-0249,2026-05-25T20:04:04Z,True,True,False,True,True,True,True,True,2026-05-25T20:04:33Z,2,"2059002579707654199,2059002703959769356"
bundle-0250,2026-05-25T20:17:00Z,True,True,True,True,True,True,True,True,2026-05-25T20:17:00Z,1,2059005835607454106
bundle-0251,2026-05-25T20:57:27Z,True,True,True,True,True,True,True,True,2026-05-25T20:57:27Z,1,2059016015644614797
bundle-0252,2026-05-25T21:28:13Z,True,True,True,True,True,True,True,True,2026-05-25T21:28:13Z,1,2059023760510828816
bundle-0253,2026-05-26T01:14:39Z,True,True,True,True,True,True,True,True,2026-05-26T01:14:39Z,1,2059080740881502364
bundle-0254,2026-05-26T13:29:10Z,True,True,False,True,True,True,True,True,2026-05-26T13:29:10Z,1,2059265588677976277
bundle-0255,2026-05-26T13:39:24Z,True,True,True,True,True,True,True,True,2026-05-26T13:39:24Z,1,2059268164060422398
bundle-0256,2026-05-26T14:56:11Z,True,True,True,True,True,True,True,True,2026-05-26T14:56:56Z,2,"2059287487273382024,2059287677497692287"
bundle-0257,2026-05-26T15:30:48Z,True,False,False,True,False,True,True,False,2026-05-26T15:30:48Z,1,2059296198150803596
bundle-0258,2026-05-26T15:32:00Z,True,True,False,True,True,True,True,True,2026-05-26T15:32:52Z,2,"2059296499444351255,2059296718391279767"
bundle-0259,2026-05-26T15:44:05Z,True,True,False,True,True,True,True,True,2026-05-26T15:44:05Z,1,2059299542277697565
bundle-0260,2026-05-26T15:57:48Z,True,True,True,True,True,True,True,True,2026-05-26T15:57:48Z,1,2059302994890440961
