bundle_id,latency_seconds,terminal_clean,within_terminal_horizon
bundle-0001,186291.0,False,False
bundle-0002,185037.0,False,False
bundle-0003,184925.0,False,False
bundle-0004,184854.0,True,False
bundle-0005,174395.0,False,False
bundle-0006,174293.0,False,False
bundle-0007,173783.0,False,False
bundle-0008,173225.0,False,False
bundle-0009,173162.0,True,False
bundle-0010,143616.0,True,False
bundle-0011,139447.0,False,False
bundle-0012,139332.0,False,False
bundle-0013,138705.0,False,False
bundle-0014,138327.0,False,False
bundle-0015,138183.0,False,False
bundle-0016,137743.0,True,False
bundle-0017,135918.0,False,False
bundle-0018,135758.0,False,False
bundle-0019,135694.0,False,False
bundle-0020,134156.0,True,False
bundle-0021,107669.0,False,False
bundle-0022,107359.0,False,False
bundle-0023,107217.0,False,False
bundle-0024,106172.0,False,False
bundle-0025,105861.0,False,False
bundle-0026,105797.0,True,False
bundle-0027,99589.0,False,False
bundle-0028,99318.0,True,False
bundle-0029,89415.0,False,False
bundle-0030,89075.0,False,False
bundle-0031,88163.0,False,False
bundle-0032,88035.0,False,False
bundle-0033,87911.0,False,False
bundle-0034,87831.0,False,False
bundle-0035,87703.0,True,False
bundle-0036,76586.0,True,False
bundle-0037,73763.0,False,False
bundle-0038,72671.0,False,False
bundle-0039,72398.0,False,False
bundle-0040,70792.0,False,False
bundle-0041,70359.0,False,False
bundle-0042,70035.0,False,False
bundle-0043,69713.0,False,False
bundle-0044,69222.0,False,False
bundle-0045,69110.0,False,False
bundle-0046,68843.0,False,False
bundle-0047,68771.0,False,False
bundle-0048,68667.0,False,False
bundle-0049,68404.0,True,False
bundle-0050,66032.0,True,False
bundle-0051,63888.0,False,False
bundle-0052,62983.0,False,False
bundle-0053,62818.0,True,False
bundle-0054,59134.0,False,False
bundle-0055,59047.0,False,False
bundle-0056,58491.0,False,False
bundle-0057,58153.0,False,False
bundle-0058,57865.0,False,False
bundle-0059,57613.0,True,False
bundle-0060,53761.0,False,False
bundle-0061,53021.0,False,False
bundle-0062,52678.0,False,False
bundle-0063,51771.0,False,False
bundle-0064,50546.0,True,False
bundle-0065,48542.0,False,False
bundle-0066,48468.0,False,False
bundle-0067,48375.0,False,False
bundle-0068,48306.0,False,False
bundle-0069,48162.0,False,False
bundle-0070,46919.0,False,False
bundle-0071,46534.0,False,False
bundle-0072,46154.0,False,False
bundle-0073,46048.0,False,False
bundle-0074,44812.0,True,False
bundle-0075,41849.0,True,False
bundle-0076,20680.0,False,False
bundle-0077,20613.0,False,False
bundle-0078,20527.0,False,False
bundle-0079,20294.0,False,False
bundle-0080,20211.0,False,False
bundle-0081,20002.0,False,False
bundle-0082,19902.0,False,False
bundle-0083,19483.0,False,False
bundle-0084,19380.0,False,False
bundle-0085,19196.0,False,False
bundle-0086,19030.0,False,False
bundle-0087,18943.0,False,False
bundle-0088,18803.0,True,False
bundle-0089,11602.0,False,False
bundle-0090,11294.0,True,False
bundle-0091,128.0,False,True
bundle-0092,17.0,True,True
bundle-0093,88.0,False,True
bundle-0094,80.0,False,True
bundle-0095,21.0,False,True
bundle-0096,82.0,True,True
bundle-0097,4.0,False,True
bundle-0098,4.0,False,True
bundle-0099,4.0,False,True
bundle-0100,61.0,False,True
bundle-0101,7.0,True,True
bundle-0102,4.0,False,True
bundle-0103,3.0,False,True
bundle-0104,4.0,True,True
bundle-0105,2.0,False,True
bundle-0106,17.0,True,True
bundle-0107,155.0,False,True
bundle-0108,12.0,False,True
bundle-0109,1250.0,False,True
bundle-0110,1183.0,False,True
bundle-0111,1116.0,False,True
bundle-0112,946.0,False,True
bundle-0113,847.0,False,True
bundle-0114,709.0,False,True
bundle-0115,368.0,False,True
bundle-0116,128.0,False,True
bundle-0117,1393.0,False,True
bundle-0118,1106.0,False,True
bundle-0119,553.0,False,True
bundle-0120,118.0,False,True
bundle-0121,1321.0,False,True
bundle-0122,450.0,False,True
bundle-0123,14.0,False,True
bundle-0124,1499.0,False,True
bundle-0125,1398.0,False,True
bundle-0126,1186.0,True,True
bundle-0127,973.0,False,True
bundle-0128,683.0,False,True
bundle-0129,1072.0,False,True
bundle-0130,377.0,False,True
bundle-0131,157.0,True,True
bundle-0132,481.0,False,True
bundle-0133,287.0,False,True
bundle-0134,96.0,False,True
bundle-0135,1547.0,False,True
bundle-0136,1467.0,False,True
bundle-0137,1313.0,False,True
bundle-0138,1215.0,False,True
bundle-0139,997.0,False,True
bundle-0140,844.0,False,True
bundle-0141,607.0,False,True
bundle-0142,1476.0,False,True
bundle-0143,689.0,True,True
bundle-0144,1482.0,False,True
bundle-0145,1401.0,False,True
bundle-0146,708.0,True,True
bundle-0147,972.0,False,True
bundle-0148,891.0,False,True
bundle-0149,733.0,False,True
bundle-0150,74.0,False,True
bundle-0151,1459.0,False,True
bundle-0152,160.0,False,True
bundle-0153,1230.0,False,True
bundle-0154,1111.0,False,True
bundle-0155,873.0,False,True
bundle-0156,582.0,False,True
bundle-0157,1351.0,False,True
bundle-0158,1003.0,True,True
bundle-0159,10.0,False,True
bundle-0160,21.0,False,True
bundle-0161,84.0,True,True
bundle-0162,13.0,False,True
bundle-0163,1466.0,True,True
bundle-0164,1107.0,False,True
bundle-0165,414.0,False,True
bundle-0166,8.0,False,True
bundle-0167,1599.0,False,True
bundle-0168,1225.0,False,True
bundle-0169,1055.0,False,True
bundle-0170,210.0,False,True
bundle-0171,115.0,True,True
bundle-0172,1406.0,False,True
bundle-0173,392.0,True,True
bundle-0174,711.0,False,True
bundle-0175,402.0,False,True
bundle-0176,300.0,False,True
bundle-0177,220.0,True,True
bundle-0178,232.0,False,True
bundle-0179,170.0,False,True
bundle-0180,20.0,False,True
bundle-0181,1538.0,True,True
bundle-0182,389.0,True,True
bundle-0183,953.0,False,True
bundle-0184,711.0,False,True
bundle-0185,522.0,False,True
bundle-0186,1417.0,False,True
bundle-0187,628.0,False,True
bundle-0188,555.0,False,True
bundle-0189,2565.0,False,False
bundle-0190,1053.0,False,True
bundle-0191,892.0,True,True
bundle-0192,51.0,False,True
bundle-0193,1424.0,False,True
bundle-0194,1220.0,False,True
bundle-0195,974.0,False,True
bundle-0196,884.0,True,True
bundle-0197,567.0,False,True
bundle-0198,177.0,False,True
bundle-0199,26.0,False,True
bundle-0200,1111.0,False,True
bundle-0201,948.0,True,True
bundle-0202,737.0,False,True
bundle-0203,147.0,False,True
bundle-0204,1415.0,False,True
bundle-0205,15.0,False,True
bundle-0206,1563.0,False,True
bundle-0207,723.0,False,True
bundle-0208,2.0,True,True
bundle-0209,1528.0,False,True
bundle-0210,310.0,False,True
bundle-0211,114.0,False,True
bundle-0212,12.0,False,True
bundle-0213,1623.0,False,True
bundle-0214,1330.0,False,True
bundle-0215,1112.0,True,True
bundle-0216,189.0,True,True
bundle-0217,1057.0,False,True
bundle-0218,973.0,True,True
bundle-0219,1084.0,False,True
bundle-0220,1255.0,False,True
bundle-0221,938.0,False,True
bundle-0222,368.0,False,True
bundle-0223,1142.0,True,True
bundle-0224,20.0,False,True
bundle-0225,4.0,False,True
bundle-0226,53.0,False,True
bundle-0227,3.0,True,True
bundle-0228,621.0,False,True
bundle-0229,556.0,False,True
bundle-0230,342.0,False,True
bundle-0231,1534.0,True,True
bundle-0232,892.0,True,True
bundle-0233,761.0,False,True
bundle-0234,602.0,True,True
bundle-0235,981.0,False,True
bundle-0236,259.0,False,True
bundle-0237,135.0,False,True
bundle-0238,1.0,False,True
bundle-0239,1547.0,False,True
bundle-0240,477.0,False,True
bundle-0241,105.0,False,True
bundle-0242,38.0,True,True
bundle-0243,1223.0,False,True
bundle-0244,1143.0,False,True
bundle-0245,952.0,False,True
bundle-0246,552.0,True,True
bundle-0247,1418.0,False,True
bundle-0248,1280.0,False,True
bundle-0249,1171.0,False,True
bundle-0250,424.0,True,True
bundle-0251,1597.0,True,True
bundle-0252,3.0,True,True
bundle-0253,616.0,True,True
bundle-0254,1616.0,False,True
bundle-0255,1002.0,True,True
bundle-0256,20.0,True,True
bundle-0257,1549.0,False,True
bundle-0258,1425.0,False,True
bundle-0259,752.0,False,True
bundle-0260,6.0,True,True
