asset_id,coverage,execution_verdict,first_timestamp,last_timestamp,market_id,outcome,snapshot_count
102543180663504355025916208409149211610693931544955016863680162135688438819846,False,not execution-estimable: aligned order-book coverage and fill model are not established,,,0x663eb815ca0dc5dd81d9a0059cb8f330c091acbdcda89e8921362c2146bc1991,NO,0
10684112529678669894276366681178043571251278682396655974230677409169859941710,False,not execution-estimable: aligned order-book coverage and fill model are not established,,,0x73bbab54a05400400c4f651fe448a21d0043c61d85503665bfa4f9b99a97a613,YES,0
14949277655572503312796463089110290134959727936660454160308849862015210749457,False,not execution-estimable: aligned order-book coverage and fill model are not established,,,0xbf038d340cab17d63330d04636b040b8cd8820c006c350eace4200c12348b4c9,NO,0
15302944848243234941547875111698860518531388909589247328209668919555903920576,False,not execution-estimable: aligned order-book coverage and fill model are not established,,,0x08fe7d572b28d5469ab65059e2ca4cc46e09d376f0dca4b5d3f32e0920e836cd,YES,0
15446703673614499771405405557748265863218798432662907076142129469418578430476,False,not execution-estimable: aligned order-book coverage and fill model are not established,,,0x81341df359c0166a5efd34b0875266f466f36a5872431a7604c62164e9805dda,NO,0
18227968537470275102429865403398150586658866689072529046997703694597649166752,False,not execution-estimable: aligned order-book coverage and fill model are not established,,,0x663eb815ca0dc5dd81d9a0059cb8f330c091acbdcda89e8921362c2146bc1991,YES,0
1957294543962736851253126567792450185141674775897010611387260489898893765216,False,not execution-estimable: aligned order-book coverage and fill model are not established,,,0xf18ae8db54ebfa6fa391c52d80611d89478b0f98d4a8f9f66d9eaec8ac603f8e,NO,0
22036498556922870286556080552174566271414134163535970879257169369665063638025,False,not execution-estimable: aligned order-book coverage and fill model are not established,,,0xd872765b2cded5f5fa53251d19f1a7148d6fa7148086a194c909120884f80f24,NO,0
27704268733619454322406513196816513361643398005673317764825055865329759014100,False,not execution-estimable: aligned order-book coverage and fill model are not established,,,0x8ee629acb4a0a9189f794bd34048218b5c2159bf1e790ad8d0cca0c5be87e469,YES,0
30231782966198309800766674288733451018182608565092905995403859939250053997475,False,not execution-estimable: aligned order-book coverage and fill model are not established,,,0x4bb817a8869899a883c0cd68aefe674853dc12687d17ed98f70ef3d2ca99fe64,NO,0
34673280522131651773319811094305411972995618708782286410421175722160802858924,False,not execution-estimable: aligned order-book coverage and fill model are not established,,,0xf18ae8db54ebfa6fa391c52d80611d89478b0f98d4a8f9f66d9eaec8ac603f8e,YES,0
39889377621951721075032108139325616563177940532165072373873593386110612942975,False,not execution-estimable: aligned order-book coverage and fill model are not established,,,0xe0c661c2a79a7d6b59e7b35de300400c75e0a67539882fcbea64de4a03843d2a,NO,0
45340183096965702503465331172555903290843401823378835145221685146372581969105,False,not execution-estimable: aligned order-book coverage and fill model are not established,,,0x487c308a9cccfd67f1550e04d5091ef6a071d57ea80507e0f9f89240ec46267f,NO,0
49989881707408482297711970194855730641984026923649754471528461675799286761118,False,not execution-estimable: aligned order-book coverage and fill model are not established,,,0xe0c661c2a79a7d6b59e7b35de300400c75e0a67539882fcbea64de4a03843d2a,YES,0
55295774186617654718138108549818113529692497923581788738603780408191928225988,False,not execution-estimable: aligned order-book coverage and fill model are not established,,,0x08fe7d572b28d5469ab65059e2ca4cc46e09d376f0dca4b5d3f32e0920e836cd,NO,0
56830720335433365508255215606320734289486497161067481300818910058426368727133,False,not execution-estimable: aligned order-book coverage and fill model are not established,,,0x8db2e193ed837f1b8abedc2464a80d7afc2ed8375781e9f1001bdb84b4c7334d,YES,0
56915253786205651621224079846774112959173513112247842129154257011287797444102,False,not execution-estimable: aligned order-book coverage and fill model are not established,,,0x73bbab54a05400400c4f651fe448a21d0043c61d85503665bfa4f9b99a97a613,NO,0
66943112599455255366004749439619243117095790815717527667484621244859590657544,False,not execution-estimable: aligned order-book coverage and fill model are not established,,,0x6d83c96f8992bef0899bcf6e091ea66a8d8077edf05fe76ed9fa73baf62bcc5b,NO,0
724389218073370234361768074557644619500224436656490137866501338152708983383,False,not execution-estimable: aligned order-book coverage and fill model are not established,,,0x4bb817a8869899a883c0cd68aefe674853dc12687d17ed98f70ef3d2ca99fe64,YES,0
72934202882211565683841158942709361459920469140967864079901030062313692031570,False,not execution-estimable: aligned order-book coverage and fill model are not established,,,0xdac03a823f505096e35d51e6006d6a50f5b76197e90a80a0e56f1e8dac8cf869,YES,0
7447698694209245387004408390386346959059819278382151013952270596945851528834,False,not execution-estimable: aligned order-book coverage and fill model are not established,,,0x81341df359c0166a5efd34b0875266f466f36a5872431a7604c62164e9805dda,YES,0
7828254064760881047988819276443581242218610082516203928764112313594865182374,False,not execution-estimable: aligned order-book coverage and fill model are not established,,,0x6105f134b950704a89c05ac22c93375e102bcea29e50e3a920a36baa6d492813,NO,0
80311648769247136599255709223840928401825618036364721529655728900975611678927,False,not execution-estimable: aligned order-book coverage and fill model are not established,,,0x8ee629acb4a0a9189f794bd34048218b5c2159bf1e790ad8d0cca0c5be87e469,NO,0
81683336989108932090358855395404043749473952894918917277997121122465853159425,False,not execution-estimable: aligned order-book coverage and fill model are not established,,,0x487c308a9cccfd67f1550e04d5091ef6a071d57ea80507e0f9f89240ec46267f,YES,0
820951906048987194443035783590427088997232584576606851392044191001608224956,False,not execution-estimable: aligned order-book coverage and fill model are not established,,,0x7c024fe68e2820ca6b7d8a692d3cae2b4fd52f04eaf46dcb6f4a602251625f51,YES,0
84381879874342811773421493496159280704263097962351144397088190853001474903025,False,not execution-estimable: aligned order-book coverage and fill model are not established,,,0x88469952feeeac0525cbb77dc3183313d1f3d5a512af32315fa003200df8fff3,YES,0
8482227962824204270965582437920359392539351040854012574930218544474124518029,False,not execution-estimable: aligned order-book coverage and fill model are not established,,,0x8db2e193ed837f1b8abedc2464a80d7afc2ed8375781e9f1001bdb84b4c7334d,NO,0
85182110186316273463393464212611280004347023386515315138031718823634283119288,False,not execution-estimable: aligned order-book coverage and fill model are not established,,,0x88469952feeeac0525cbb77dc3183313d1f3d5a512af32315fa003200df8fff3,NO,0
87379258386146749505560530224172257771962968671990398890493766410433690112630,False,not execution-estimable: aligned order-book coverage and fill model are not established,,,0x6d83c96f8992bef0899bcf6e091ea66a8d8077edf05fe76ed9fa73baf62bcc5b,YES,0
90353198893062442702666258191329513926168835350283389064371333201312691012410,False,not execution-estimable: aligned order-book coverage and fill model are not established,,,0xd872765b2cded5f5fa53251d19f1a7148d6fa7148086a194c909120884f80f24,YES,0
91246849823637711104219300517514680022586408643335880070373641873340238198613,False,not execution-estimable: aligned order-book coverage and fill model are not established,,,0x6105f134b950704a89c05ac22c93375e102bcea29e50e3a920a36baa6d492813,YES,0
94515762313783278180347249141171442539285324622726964280109067360903056482270,False,not execution-estimable: aligned order-book coverage and fill model are not established,,,0x7c024fe68e2820ca6b7d8a692d3cae2b4fd52f04eaf46dcb6f4a602251625f51,NO,0
96717331440959275842262065200821534201492449959270754474587326335429205991610,False,not execution-estimable: aligned order-book coverage and fill model are not established,,,0xdac03a823f505096e35d51e6006d6a50f5b76197e90a80a0e56f1e8dac8cf869,NO,0
99374234089764611989768396104877102764974621248408419218474900724606081467025,False,not execution-estimable: aligned order-book coverage and fill model are not established,,,0xbf038d340cab17d63330d04636b040b8cd8820c006c350eace4200c12348b4c9,YES,0
